EventID,DT,X,Y,Z,COA,COA_NORM,GAU_X,GAU_Y,GAU_Z,GAU_ErrX,GAU_ErrY,GAU_ErrZ,COV_ErrX,COV_ErrY,COV_ErrZ,COV_Err_XYZ,TRIG_COA,DEC_COA,DEC_COA_NORM,Label
20090120000000748,2009-01-20T00:00:00.744000Z,-83.925645,-78.186217,1.845,5.764,6.628,-83.92796,-78.185741,2.0851,0.6236,0.1101,0.0899,0.1016,0.1725,0.2848,0.1709,4.096,3.467,4.096,0.5
20090120000002544,2009-01-20T00:00:02.564000Z,-83.816121,-78.181101,1.52,5.531,6.587,-83.816284,-78.18135,1.5191,0.0915,0.1193,0.714,0.0741,0.1121,0.2838,0.1331,4.042,3.321,4.042,0.5
20090120000003304,2009-01-20T00:00:03.316000Z,-83.841338,-78.1202,2.05,3.907,4.638,-83.840075,-78.119965,2.0194,0.0615,0.2102,0.1857,0.1047,0.1089,0.0736,0.0943,3.009,2.482,3.009,1
20090120000010024,2009-01-20T00:00:10.040000Z,-83.960096,-78.165925,1.855,4.899,5.561,-83.962654,-78.165968,1.8508,0.0741,0.1423,0.2099,0.447,0.3621,0.0987,0.2518,3.716,3.182,3.716,1
20090120000011428,2009-01-20T00:00:11.448000Z,-84.027044,-78.138226,1.915,9.298,10.78,-84.024713,-78.138504,1.894,0.0749,0.1191,0.1833,0.0297,0.0384,0.0468,0.0377,5.263,4.433,5.263,1
20090120000015004,2009-01-20T00:00:15.040000Z,-83.980521,-78.184147,1.89,9.154,10.57,-83.980815,-78.184173,1.8475,0.0748,0.1063,0.2511,0.0431,0.0764,0.1005,0.0692,4.77,4.013,4.77,1
20090120000016716,2009-01-20T00:00:16.736000Z,-84.036782,-78.151791,2.07,3.699,4.238,-84.035379,-78.151815,2.0537,0.0625,0.22,0.1696,0.1499,0.1006,0.0366,0.082,3.04,2.597,3.04,1
20090120000019968,2009-01-20T00:00:20.000000Z,-83.903769,-78.161498,1.81,9.622,11.11,-83.904895,-78.16159,1.8193,0.3145,0.0783,0.0918,0.0671,0.085,0.1014,0.0833,5.838,4.884,5.838,1
20090120000021772,2009-01-20T00:00:21.804000Z,-84.025155,-78.166038,2.02,7.158,8.263,-84.026227,-78.165954,2.0084,0.0628,0.2163,0.1485,0.0878,0.0832,0.046,0.0695,3.293,2.76,3.293,1
20090120000029648,2009-01-20T00:00:29.652000Z,-84.01208,-78.168641,1.995,7.709,9,-84.013614,-78.16884,1.9679,0.0625,0.1405,0.1832,0.0507,0.0575,0.0362,0.0473,4.036,3.365,4.036,1
20090120000037748,2009-01-20T00:00:37.776000Z,-83.802698,-78.165019,1.8,5.86,6.99,-83.802515,-78.164841,1.7884,0.2987,0.144,0.0914,1.2194,0.503,0.1401,0.4413,3.971,3.229,3.971,0.5
20090120000043060,2009-01-20T00:00:43.076000Z,-83.88805,-78.168125,1.945,4.291,4.979,-84.078811,-78.155603,2.1353,0.0585,0.1386,0.2666,3.1199,1.1916,0.3153,1.0544,3.481,2.903,3.481,0
20090120000043868,2009-01-20T00:00:43.856000Z,-84.029202,-78.136344,1.91,6.731,7.934,-84.02709,-78.137212,1.9372,0.1925,0.0947,0.068,0.0434,0.0644,0.0591,0.0549,4.133,3.398,4.133,1
20090120000046100,2009-01-20T00:00:46.080000Z,-83.974409,-78.150471,1.955,6.069,7.016,-83.972891,-78.150347,1.9374,0.074,0.1204,0.1944,0.0626,0.0877,0.0392,0.0599,3.275,2.755,3.275,1
20090120000047744,2009-01-20T00:00:47.780000Z,-84.044265,-78.15761,2.245,5.046,5.788,-84.042793,-78.158486,2.2311,0.0694,0.2358,0.3556,1.5156,0.4238,0.3505,0.6084,3.631,3.088,3.631,1
20090120000107548,2009-01-20T00:01:07.540000Z,-84.01595,-78.139754,1.955,8.1,9.425,-84.01511,-78.13996,1.9394,0.0693,0.129,0.1815,0.0441,0.0719,0.0462,0.0527,4.026,3.342,4.026,1
20090120000108100,2009-01-20T00:01:08.120000Z,-84.012297,-78.168507,1.995,4.505,5.318,-84.011728,-78.168231,1.9877,0.1717,0.1022,0.0578,0.7316,3.6492,0.3796,1.0045,3.546,2.934,3.546,1
20090120000115428,2009-01-20T00:01:15.448000Z,-84.016384,-78.13953,1.91,17.43,20.57,-84.015728,-78.139856,1.9229,0.0694,0.0901,0.1626,0.0341,0.0513,0.0469,0.0434,6.563,5.395,6.563,1
20090120000118144,2009-01-20T00:01:18.136000Z,-83.95988,-78.166373,1.9,4.647,5.419,-83.958732,-78.167238,1.8627,0.0745,0.1061,0.2241,0.5779,1.5478,0.3196,0.6588,3.354,2.783,3.354,1
20090120000119552,2009-01-20T00:01:19.568000Z,-83.980087,-78.184595,1.845,7.556,8.903,-83.978726,-78.184325,1.8444,0.0704,0.1346,0.3941,0.1935,0.1398,0.2591,0.1913,4.637,3.793,4.637,1
20090120000121376,2009-01-20T00:01:21.408000Z,-83.903551,-78.161542,1.8,9.523,11.36,-83.904284,-78.161754,1.808,0.2304,0.0828,0.1008,0.0437,0.0645,0.0791,0.0606,5.317,4.289,5.317,1
20090120000122320,2009-01-20T00:01:22.356000Z,-84.030384,-78.165095,2.05,4.89,5.711,-84.031981,-78.165033,2.0408,0.0589,0.1359,0.1656,0.0637,0.076,0.0454,0.0603,3.16,2.62,3.16,1
20090120000124076,2009-01-20T00:01:24.100000Z,-83.92521,-78.187337,1.85,8.988,10.24,-83.926728,-78.186752,1.9334,0.0775,0.1142,0.286,0.0443,0.0776,0.1558,0.0812,4.959,4.211,4.959,1
20090120000132496,2009-01-20T00:01:32.544000Z,-83.730118,-78.172464,2.105,5.255,6.214,-83.729199,-78.172846,1.9303,0.0123,0.0331,0.0337,0.2909,0.3215,0.383,0.3296,3.147,2.528,3.147,0
20090120000133216,2009-01-20T00:01:33.248000Z,-83.763019,-78.160569,1.95,43.64,51.07,-83.762093,-78.16075,1.8809,0.0124,0.0312,0.0336,0.0408,0.046,0.065,0.0496,8.539,6.84,8.539,1
20090120000135092,2009-01-20T00:01:35.108000Z,-83.953696,-78.15061,1.96,20.82,25.56,-83.954431,-78.150521,1.9767,0.1758,0.0715,0.089,0.032,0.0488,0.0308,0.0364,5.521,4.354,5.521,1
20090120000141860,2009-01-20T00:01:41.908000Z,-83.954351,-78.150744,2.035,4.311,4.988,-83.954448,-78.151011,2.0269,0.2366,0.1037,0.0788,0.0675,0.1052,0.0503,0.0709,3.199,2.684,3.199,1
20090120000142548,2009-01-20T00:01:42.552000Z,-83.972878,-78.149755,1.995,5.249,6.173,-83.973023,-78.149666,1.9872,0.0715,0.119,0.1969,0.0587,0.0857,0.0371,0.0571,3.191,2.652,3.191,1
20090120000145804,2009-01-20T00:01:45.792000Z,-83.998918,-78.161301,1.955,5.422,6.299,-84.000776,-78.161665,1.9409,0.0689,0.2205,0.1775,0.4808,0.2731,0.1153,0.2474,3.886,3.228,3.886,1
20090120000148592,2009-01-20T00:01:48.612000Z,-84.012734,-78.168551,2,5.74,6.57,-84.015478,-78.168558,1.9909,0.0606,0.1417,0.1622,0.1388,0.417,0.1676,0.2133,3.654,3.129,3.654,1
20090120000156676,2009-01-20T00:01:56.692000Z,-83.905078,-78.158766,2.04,3.686,4.286,-83.904358,-78.158814,1.9885,0.5035,0.103,0.0851,0.0957,0.1712,0.1299,0.1286,3.229,2.705,3.229,1
20090120000201848,2009-01-20T00:02:01.828000Z,-83.811333,-78.119118,1.25,4.225,4.882,-83.811111,-78.119174,1.2658,0.0645,0.2285,0.2533,1.2069,1.924,0.2877,0.8742,3.505,2.952,3.505,0
20090120000205020,2009-01-20T00:02:05.048000Z,-84.026459,-78.1655,2.02,7.657,8.851,-84.026737,-78.165804,2.0048,0.0572,0.1347,0.156,0.0491,0.0679,0.0413,0.0516,3.026,2.525,3.026,1
20090120000212000,2009-01-20T00:02:11.972000Z,-83.959659,-78.16588,1.87,4.028,4.618,-83.958008,-78.166071,1.8631,0.0768,0.3283,0.2292,1.2574,2.0205,0.2304,0.8365,3.18,2.711,3.18,1
20090120000214868,2009-01-20T00:02:14.900000Z,-84.001663,-78.176214,1.905,14.28,16.27,-84.002322,-78.176063,1.9168,0.0675,0.1177,0.2019,0.0294,0.0518,0.046,0.0412,6.262,5.341,6.262,1
20090120000217208,2009-01-20T00:02:17.176000Z,-83.857022,-78.174213,1.635,4.775,5.505,-83.856804,-78.173883,1.6873,0.7782,0.1347,0.0921,0.115,0.1564,0.3019,0.1757,3.814,3.253,3.814,0.5
20090120000219448,2009-01-20T00:02:19.436000Z,-83.815903,-78.181011,1.605,6.82,7.865,-83.815846,-78.181338,1.5307,0.0747,0.0984,0.7628,0.0792,0.1113,0.2495,0.1301,4.256,3.59,4.256,0
20090120000220924,2009-01-20T00:02:20.940000Z,-83.980088,-78.184774,1.855,8.874,10.28,-83.980581,-78.184577,1.9166,0.0735,0.1067,0.3071,0.0371,0.0717,0.1018,0.0647,5.329,4.481,5.329,1
20090120000222768,2009-01-20T00:02:22.776000Z,-83.807289,-78.16417,1.745,6.691,7.883,-83.806259,-78.164059,1.781,0.32,0.1211,0.082,0.0647,0.0812,0.1202,0.0858,4.506,3.74,4.506,0.5
20090120000226052,2009-01-20T00:02:26.056000Z,-83.971791,-78.150158,1.97,5.053,5.903,-83.972335,-78.150262,1.9677,0.0689,0.1029,0.1869,0.054,0.0826,0.043,0.0576,3.419,2.848,3.419,1
20090120000229264,2009-01-20T00:02:29.224000Z,-83.881512,-78.160109,1.935,4.652,5.398,-83.881108,-78.160086,1.9211,0.4452,0.1027,0.1096,0.1945,0.2451,0.1519,0.1935,3.425,2.856,3.425,0
20090120000229692,2009-01-20T00:02:29.700000Z,-84.01269,-78.140516,1.915,8.185,9.745,-84.013264,-78.140756,1.9384,0.0649,0.1027,0.1779,0.0417,0.0627,0.0435,0.0485,4.611,3.769,4.611,1
20090120000240156,2009-01-20T00:02:40.176000Z,-84.012298,-78.168551,2,8.172,9.715,-84.014373,-78.168432,1.9833,0.0662,0.1468,0.1783,0.0342,0.062,0.0362,0.0425,4.443,3.639,4.443,1
20090120000246360,2009-01-20T00:02:46.380000Z,-83.951522,-78.151954,2.03,4.538,5.214,-83.952329,-78.151477,2.0104,0.2318,0.0918,0.1175,0.0635,0.1008,0.0539,0.0701,3.425,2.921,3.425,1
20090120000302080,2009-01-20T00:03:02.084000Z,-84.018125,-78.139395,1.955,14.95,17.75,-84.017567,-78.139704,1.9552,0.1869,0.1071,0.0725,0.0403,0.0523,0.0443,0.0454,5.946,4.825,5.946,1
20090120000308532,2009-01-20T00:03:08.552000Z,-83.742274,-78.145063,1,3.603,4.057,-83.860929,-78.172638,1.9363,0.0793,0.1188,0.7473,2.1114,1.5324,0.4023,1.0919,3.171,2.751,3.171,0
20090120000312488,2009-01-20T00:03:12.508000Z,-83.806851,-78.164393,1.84,7.275,8.325,-83.807022,-78.16455,1.7544,0.2869,0.1088,0.0951,0.0504,0.0765,0.1241,0.0782,4.341,3.708,4.341,1
20090120000316108,2009-01-20T00:03:16.128000Z,-84.012297,-78.168507,2,6.882,7.9,-84.011343,-78.167519,2.0195,0.1119,0.1865,0.0647,0.054,0.1053,0.0482,0.0649,3.842,3.226,3.842,1
20090120000317204,2009-01-20T00:03:17.220000Z,-83.980306,-78.184685,1.85,9.659,11.34,-83.981907,-78.184385,1.9402,0.0711,0.1033,0.2538,0.0328,0.0677,0.0889,0.0582,5.616,4.626,5.616,1
20090120000325100,2009-01-20T00:03:25.116000Z,-83.970698,-78.1498,1.945,7.21,8.349,-83.970953,-78.149827,1.9299,0.0662,0.1132,0.1763,0.036,0.0551,0.036,0.0415,3.218,2.697,3.218,1
20090120000327972,2009-01-20T00:03:28.020000Z,-83.872382,-78.144792,1.94,4.252,4.89,-83.870446,-78.144212,1.9673,0.0619,0.1212,0.1982,0.066,0.0901,0.0515,0.0674,3.21,2.727,3.21,1
20090120000336468,2009-01-20T00:03:36.484000Z,-84.036535,-78.168496,2.195,6.567,7.712,-84.029368,-78.167012,2.2783,0.0594,0.2431,0.1874,0.1583,0.1612,0.0966,0.1351,4.08,3.347,4.08,1
20090120000339952,2009-01-20T00:03:39.968000Z,-84.004683,-78.171779,2.045,4.793,5.779,-84.005251,-78.171459,2.0396,0.0722,0.1761,0.2564,1.3026,0.5965,0.1898,0.5283,3.397,2.733,3.397,0.5
20090120000347000,2009-01-20T00:03:46.964000Z,-83.903767,-78.155228,2.25,4.169,4.788,-83.902018,-78.155919,2.2216,0.3301,0.1086,0.0864,0.1265,0.2793,0.2677,0.2115,3.278,2.76,3.278,1
20090120000347860,2009-01-20T00:03:47.856000Z,-84.013566,-78.141053,1.975,7.075,8.337,-84.014721,-78.140928,1.9945,0.0682,0.1116,0.196,0.0558,0.0763,0.0478,0.0588,3.844,3.156,3.844,1
20090120000348184,2009-01-20T00:03:48.208000Z,-83.830879,-78.123647,2.05,4.382,5.215,-83.834607,-78.122452,2.0352,0.0625,0.1303,0.3154,0.7794,1.1539,0.387,0.7034,3.569,2.916,3.569,0
20090120000350272,2009-01-20T00:03:50.292000Z,-84.013821,-78.168058,2,4.939,5.708,-84.014458,-78.168154,1.9987,0.06,0.1485,0.1894,0.0756,0.0946,0.0574,0.0743,3.445,2.897,3.445,1
20090120000402728,2009-01-20T00:04:02.768000Z,-83.763456,-78.16048,1.95,38.88,45.49,-83.764294,-78.160315,1.9301,0.0124,0.0316,0.0335,0.0216,0.039,0.0658,0.0382,8.902,7.175,8.902,1
20090120000406092,2009-01-20T00:04:06.064000Z,-83.804884,-78.164751,1.745,7.299,8.53,-83.803211,-78.165183,1.8186,0.0829,0.105,0.367,2.4681,0.8757,0.2083,0.7664,4.57,3.786,4.57,0
20090120000409628,2009-01-20T00:04:09.636000Z,-83.959883,-78.167045,1.875,4.671,5.482,-83.960473,-78.16742,1.8246,0.0732,0.1478,0.2223,0.0945,0.1058,0.1108,0.1035,3.491,2.903,3.491,1
20090120000411860,2009-01-20T00:04:11.888000Z,-83.980306,-78.184685,1.85,9.64,10.93,-83.980551,-78.184645,1.8372,0.0698,0.1162,0.266,0.0385,0.0786,0.1035,0.0679,5.054,4.317,5.054,1
20090120000413376,2009-01-20T00:04:13.400000Z,-84.028986,-78.136568,1.925,7.369,8.412,-84.029078,-78.136665,1.8984,0.2024,0.0959,0.0758,0.0429,0.0672,0.0614,0.0561,4.763,4.053,4.763,1
20090120000414912,2009-01-20T00:04:14.952000Z,-84.000912,-78.164928,1.91,4.439,5.137,-84.000379,-78.164619,1.9189,0.2095,0.0978,0.0733,0.0633,0.1149,0.0687,0.0794,3.473,2.922,3.473,0.5
20090120000416436,2009-01-20T00:04:16.448000Z,-83.999572,-78.161301,1.97,5.41,6.367,-83.999987,-78.161369,1.989,0.0743,0.1394,0.193,0.063,0.0723,0.0435,0.0583,3.694,3.054,3.694,1
20090120000423632,2009-01-20T00:04:23.680000Z,-83.925428,-78.1868,1.89,7.367,8.841,-83.92527,-78.186828,1.916,0.3801,0.0906,0.1013,1.1052,1.0277,0.1793,0.5883,4.673,3.791,4.673,0
20090120000428628,2009-01-20T00:04:28.648000Z,-84.016168,-78.139754,1.935,12.98,15.42,-84.016653,-78.139922,1.9321,0.071,0.1042,0.1597,0.0338,0.0453,0.0425,0.0402,4.362,3.737,4.362,1
20090120000439212,2009-01-20T00:04:39.216000Z,-83.865193,-78.143806,1.99,4.269,4.922,-83.865547,-78.14377,1.9854,0.0631,0.1597,0.2351,0.13,0.1382,0.0752,0.1106,3.243,2.755,3.243,1
20090120000442820,2009-01-20T00:04:42.844000Z,-84.01186,-78.168417,2,6.411,7.426,-84.012895,-78.168232,1.9995,0.184,0.1125,0.0712,0.0518,0.0729,0.0415,0.0539,4.176,3.484,4.176,1
20090120000454528,2009-01-20T00:04:54.560000Z,-83.911185,-78.156974,2.205,3.909,4.471,-83.899285,-78.161411,1.7233,0.8482,0.1084,0.089,0.3378,0.3632,0.2334,0.3059,3.106,2.645,3.106,0
20090120000456896,2009-01-20T00:04:56.936000Z,-83.805976,-78.164617,1.75,7.365,8.474,-83.808657,-78.164539,1.7088,0.2226,0.1075,0.0828,0.1359,0.5808,0.1312,0.218,4.548,3.829,4.548,1
20090120000458572,2009-01-20T00:04:58.592000Z,-84.001884,-78.176572,1.925,10.5,12.11,-84.003309,-78.176143,1.9253,0.0761,0.1022,0.2117,0.0314,0.0589,0.047,0.0443,5.183,4.347,5.183,1
20090120000459520,2009-01-20T00:04:59.488000Z,-83.937889,-78.185455,1.745,3.765,4.398,-83.892761,-78.14587,2.1144,0.0982,0.3756,0.159,0.5379,2.1383,0.3525,0.7401,3.326,2.783,3.326,0
20090120000500760,2009-01-20T00:05:00.780000Z,-83.865934,-78.190068,1.45,4.132,4.707,-83.881126,-78.160277,1.8116,0.2915,0.1099,0.0899,0.1675,1.4345,0.3045,0.4183,3.013,2.575,3.013,0
20090120000502908,2009-01-20T00:05:02.912000Z,-84.014648,-78.140336,1.995,6.164,7.25,-84.014604,-78.14039,2.0034,0.1889,0.106,0.0714,0.0443,0.07,0.0416,0.0505,3.705,3.059,3.705,1
20090120000503744,2009-01-20T00:05:03.780000Z,-83.980959,-78.184192,1.895,8.31,9.823,-83.981305,-78.184099,1.8815,0.2336,0.1031,0.0792,0.0301,0.068,0.0738,0.0533,4.734,3.906,4.734,1
20090120000505200,2009-01-20T00:05:05.212000Z,-83.959218,-78.16494,1.805,3.798,4.404,-83.960059,-78.164446,1.8286,0.2557,0.1033,0.079,0.0827,0.1206,0.0886,0.096,3.026,2.55,3.026,1
20090120000510712,2009-01-20T00:05:10.744000Z,-83.902897,-78.162169,1.82,6.735,7.615,-83.903827,-78.161749,1.8165,0.2373,0.0829,0.0809,0.058,0.0778,0.0894,0.0739,4.679,4.045,4.679,1
20090120000511508,2009-01-20T00:05:11.508000Z,-83.821604,-78.144872,1.86,3.667,4.215,-83.819892,-78.145152,1.8445,0.066,0.1129,0.2766,2.0647,2.351,0.5197,1.3613,3.046,2.596,3.046,0
20090120000512140,2009-01-20T00:05:12.144000Z,-83.861175,-78.173363,1.46,3.729,4.282,-83.85965,-78.174248,1.2144,0.0822,0.1421,0.9492,0.3909,0.745,0.3911,0.4848,3.302,2.817,3.302,0
20090120000538936,2009-01-20T00:05:38.888000Z,-83.924992,-78.187382,1.855,4.93,5.763,-83.925486,-78.187125,1.9448,0.093,0.1191,0.3491,1.0168,3.0964,0.313,0.9951,3.869,3.209,3.869,0
20090120000539200,2009-01-20T00:05:39.228000Z,-83.805102,-78.164706,1.76,9.688,11.44,-83.804061,-78.164495,1.7875,0.2349,0.0966,0.0886,0.0391,0.058,0.0879,0.0584,5.278,4.348,5.278,1
20090120000545752,2009-01-20T00:05:45.800000Z,-83.868243,-78.144344,1.97,3.816,4.428,-83.867042,-78.144142,1.9881,0.0079,0.0291,0.0222,0.6636,0.7032,0.3274,0.5346,3.187,2.678,3.187,1
20090120000549384,2009-01-20T00:05:49.412000Z,-83.980743,-78.184684,1.86,6.356,7.26,-83.982703,-78.184528,1.91,0.2398,0.1041,0.0846,0.4227,0.265,0.1064,0.2284,4.036,3.414,4.036,1
20090120000552256,2009-01-20T00:05:52.284000Z,-83.822022,-78.147514,1.97,10.55,12.3,-83.821641,-78.147105,1.983,0.182,0.1055,0.0697,0.0424,0.0599,0.0446,0.0484,4.948,4.118,4.948,1
20090120000555924,2009-01-20T00:05:55.916000Z,-83.879546,-78.160959,1.89,4.273,5.015,-83.880962,-78.160554,1.9257,0.3426,0.0913,0.0838,0.4919,2.1018,0.2236,0.6138,3.063,2.553,3.063,1
20090120000606456,2009-01-20T00:06:06.492000Z,-84.013346,-78.14083,1.955,5.331,6.218,-84.014397,-78.140724,1.9359,0.1658,0.0936,0.0659,0.0416,0.066,0.0443,0.0496,3.387,2.806,3.387,1
20090120000607504,2009-01-20T00:06:07.500000Z,-84.026892,-78.165187,1.955,6.111,7.192,-84.028228,-78.165128,1.9042,0.0623,0.1504,0.1639,0.0756,0.0926,0.0477,0.0694,4.032,3.328,4.032,1
20090120000612764,2009-01-20T00:06:12.788000Z,-84.002103,-78.176572,1.92,8.939,10.08,-84.003239,-78.176112,1.9482,0.0706,0.1202,0.2136,0.0432,0.0625,0.0572,0.0537,4.925,4.253,4.925,1
20090120000617588,2009-01-20T00:06:17.568000Z,-84.019647,-78.13908,2.02,15.51,18.06,-84.018748,-78.139644,2.0131,0.1584,0.0928,0.0743,0.0392,0.0533,0.0414,0.0442,5.709,4.728,5.709,1
20090120000623132,2009-01-20T00:06:23.172000Z,-83.858307,-78.118815,2.035,6.695,7.858,-83.858562,-78.118769,2.0145,0.1455,0.2078,0.0713,0.0534,0.0934,0.0543,0.0647,4.278,3.509,4.278,1
20090120000629448,2009-01-20T00:06:29.464000Z,-83.806195,-78.164528,1.755,9.376,10.77,-83.80597,-78.164499,1.7406,0.2107,0.098,0.0892,0.0474,0.0546,0.0847,0.0603,5.028,4.263,5.028,1
20090120000639204,2009-01-20T00:06:39.220000Z,-83.725369,-78.168565,2.1,4.191,4.678,-83.727073,-78.168362,2.0805,0.0124,0.0333,0.0338,0.1285,0.1581,0.34,0.1905,3.018,2.559,3.018,0
20090120000639756,2009-01-20T00:06:39.792000Z,-83.763234,-78.160883,1.85,50.94,58.16,-83.764327,-78.160326,1.9296,0.0124,0.0313,0.0333,0.0314,0.0437,0.0622,0.044,7.892,6.502,7.892,1
20090120000641988,2009-01-20T00:06:42.004000Z,-83.980088,-78.184774,1.85,8.722,10.03,-83.981368,-78.184806,1.8789,0.0728,0.1045,0.2428,0.0426,0.0719,0.1011,0.0677,4.78,4.055,4.78,1
20090120000644816,2009-01-20T00:06:44.812000Z,-83.916406,-78.146136,2.16,3.967,4.51,-83.91552,-78.146531,2.1384,0.0748,0.1666,0.2923,0.2349,0.3165,0.1048,0.1982,3.083,2.622,3.083,1
20090120000645800,2009-01-20T00:06:45.812000Z,-83.96659,-78.116616,1.295,4.934,5.841,-83.966973,-78.116277,1.2584,0.0716,0.1142,0.1575,0.8006,2.2839,0.3864,0.8907,3.88,3.188,3.88,0
20090120000649400,2009-01-20T00:06:49.424000Z,-83.973751,-78.149889,1.98,5.964,6.84,-83.973425,-78.150104,1.9659,0.1744,0.0946,0.0783,0.0471,0.064,0.0458,0.0517,3.746,3.169,3.746,1
20090120000653644,2009-01-20T00:06:53.596000Z,-83.938988,-78.186932,1.8,4.578,5.185,-83.939344,-78.187119,1.8208,0.0822,0.1169,0.46,0.1015,0.1656,0.2991,0.1713,3.563,3.069,3.563,1
20090120000655936,2009-01-20T00:06:55.980000Z,-83.869113,-78.144747,1.93,4.344,4.915,-83.868553,-78.144424,1.9457,0.0588,0.1109,0.1771,0.0694,0.1159,0.0527,0.0752,3.103,2.667,3.103,1
20090120000658040,2009-01-20T00:06:58.064000Z,-83.924773,-78.187471,1.86,6.159,6.939,-83.925096,-78.187263,1.842,0.3271,0.1043,0.0901,0.0532,0.0978,0.1815,0.0981,3.884,3.346,3.884,1
20090120000704528,2009-01-20T00:07:04.476000Z,-83.818939,-78.119792,1.325,5.325,6.23,-83.821302,-78.119681,1.3434,0.0705,0.1886,0.2584,0.5903,2.2348,0.3825,0.7961,3.983,3.295,3.983,0
20090120000717940,2009-01-20T00:07:17.948000Z,-83.863885,-78.143895,2,4.883,5.595,-83.864899,-78.143646,1.9892,0.0649,0.1607,0.195,0.0795,0.1103,0.0517,0.0768,3.119,2.648,3.119,1
20090120000721008,2009-01-20T00:07:21.008000Z,-83.802696,-78.165332,1.945,6.78,7.963,-83.803145,-78.165614,1.8887,0.0858,0.1116,0.2603,0.0431,0.0657,0.1251,0.0707,4.386,3.645,4.386,1
20090120000727816,2009-01-20T00:07:27.852000Z,-83.858744,-78.118009,2.08,4.608,5.388,-83.854622,-78.118257,2.0464,0.071,0.1557,0.2577,0.1525,0.1982,0.1677,0.1718,3.545,2.956,3.545,1
20090120000729268,2009-01-20T00:07:29.256000Z,-84.000008,-78.161211,1.965,4.229,4.785,-84.001554,-78.161143,1.9565,0.0767,0.1384,0.2074,0.0767,0.107,0.0421,0.0702,3.031,2.613,3.031,1
20090120000732164,2009-01-20T00:07:32.192000Z,-84.023841,-78.16568,2.045,5.699,6.646,-84.024609,-78.165367,2.0505,0.144,0.2075,0.0651,0.0635,0.087,0.0423,0.0616,3.48,2.883,3.48,1
20090120000733092,2009-01-20T00:07:33.128000Z,-83.980309,-78.185088,1.855,6.839,7.948,-83.979795,-78.184767,1.8637,0.0689,0.1208,0.2656,0.2469,0.8871,0.1578,0.3257,4.456,3.737,4.456,1
20090120000738876,2009-01-20T00:07:38.924000Z,-83.953696,-78.15061,1.96,17.87,21.12,-83.954607,-78.150788,1.9762,0.165,0.0724,0.0861,0.0245,0.0348,0.0372,0.0317,5.359,4.377,5.359,1
20090120000745680,2009-01-20T00:07:45.696000Z,-83.881293,-78.160333,1.8,4.29,4.944,-83.881111,-78.159898,1.7503,0.0855,0.1369,0.2877,1.8424,3.1003,0.4274,1.3466,3.232,2.715,3.232,1
20090120000746876,2009-01-20T00:07:46.912000Z,-83.873906,-78.145285,1.9,4.335,5.035,-83.870402,-78.144575,1.9343,0.0652,0.1612,0.2038,0.093,0.1315,0.0687,0.0944,3.113,2.608,3.113,1
20090120000751668,2009-01-20T00:07:51.684000Z,-83.971571,-78.149934,1.955,6.478,7.508,-83.972142,-78.15004,1.9378,0.1688,0.098,0.0749,0.0461,0.0628,0.0372,0.0476,3.872,3.248,3.872,1
20090120000752464,2009-01-20T00:07:52.476000Z,-83.938116,-78.187918,1.86,4.955,5.824,-83.937769,-78.187902,1.9341,0.0758,0.1277,0.2792,0.3231,0.2005,0.2428,0.2506,3.898,3.238,3.898,1
20090120000756508,2009-01-20T00:07:56.540000Z,-83.903115,-78.161542,1.8,9.118,10.65,-83.902712,-78.161875,1.7743,0.2525,0.0894,0.0979,0.0365,0.0572,0.0724,0.0533,4.814,4.017,4.814,1
20090120000800244,2009-01-20T00:08:00.268000Z,-84.012736,-78.168775,2.015,5.112,5.854,-84.015066,-78.168688,1.9862,0.0621,0.1506,0.1665,0.1105,0.2944,0.0642,0.1278,3.075,2.616,3.075,1
20090120000802932,2009-01-20T00:08:02.936000Z,-84.018558,-78.139126,1.955,17.07,20.25,-84.017224,-78.139706,1.9563,0.1683,0.092,0.075,0.0249,0.0499,0.0382,0.0362,6.71,5.509,6.71,1
20090120000806832,2009-01-20T00:08:06.864000Z,-83.869767,-78.144747,1.975,4.102,4.662,-83.867426,-78.144218,1.9804,0.0123,0.0315,0.0331,0.1678,0.331,0.1048,0.1799,3.137,2.698,3.137,1
20090120000808584,2009-01-20T00:08:08.612000Z,-83.805757,-78.164662,1.755,9.149,10.71,-83.806717,-78.164798,1.7618,0.2535,0.0995,0.0853,0.0396,0.0516,0.0982,0.0586,5.703,4.759,5.703,1
20090120000812816,2009-01-20T00:08:12.832000Z,-83.980526,-78.184819,1.86,7.794,9.047,-83.979345,-78.184868,1.8468,0.3305,0.1108,0.0807,0.0466,0.101,0.1506,0.0892,4.929,4.138,4.929,1
20090120000819440,2009-01-20T00:08:19.428000Z,-84.015084,-78.140336,1.985,5.391,6.185,-84.014665,-78.140271,1.9752,0.073,0.1301,0.239,0.0584,0.1004,0.0568,0.0693,3.587,3.03,3.587,1
20090120000824168,2009-01-20T00:08:24.204000Z,-83.798375,-78.160002,1.835,9.643,11.18,-83.798971,-78.159759,1.8101,0.2277,0.0847,0.0915,0.0459,0.0568,0.0704,0.0568,4.988,4.189,4.988,1
20090120000831460,2009-01-20T00:08:31.468000Z,-83.747165,-78.1203,2.23,3.899,4.518,-83.749464,-78.120783,2.2306,0.0124,0.0334,0.0337,2.6078,1.3807,0.3845,1.1146,3.359,2.81,3.359,0
20090120000834360,2009-01-20T00:08:34.404000Z,-84.014267,-78.168954,2.03,7.165,8.15,-84.014181,-78.169242,1.9898,0.1681,0.0953,0.0645,0.0399,0.0707,0.0443,0.05,3.624,3.086,3.624,1
20090120000836824,2009-01-20T00:08:36.856000Z,-83.925646,-78.186307,1.84,7.783,8.889,-83.92712,-78.18588,1.8512,0.0909,0.1159,0.372,0.0496,0.092,0.1728,0.0924,4.949,4.214,4.949,1
20090120000842380,2009-01-20T00:08:42.404000Z,-83.763238,-78.160524,1.955,34.89,41.71,-83.762971,-78.160756,1.914,0.2018,0.0865,0.0695,0.0328,0.0425,0.0653,0.045,8.228,6.558,8.228,1
20090120000846536,2009-01-20T00:08:46.572000Z,-84.024279,-78.165815,2.045,5.202,5.987,-84.023583,-78.165477,2.037,0.062,0.1417,0.1699,0.1239,0.3147,0.0484,0.1235,3.038,2.569,3.038,1
20090120000850424,2009-01-20T00:08:50.368000Z,-83.798543,-78.165913,1.905,6.147,7.093,-83.797225,-78.165831,1.9162,0.0745,0.1069,0.293,0.0916,0.1069,0.1804,0.1209,3.922,3.298,3.922,1
20090120000852024,2009-01-20T00:08:52.040000Z,-83.971789,-78.149934,1.93,5.32,6.264,-83.974219,-78.149904,1.9307,0.1897,0.104,0.0788,0.06,0.0806,0.0409,0.0583,3.427,2.85,3.427,1
20090120000859524,2009-01-20T00:08:59.552000Z,-83.980088,-78.184685,1.845,8.058,9.117,-83.98041,-78.184429,1.8526,0.0678,0.102,0.2437,0.0322,0.0653,0.0868,0.0567,4.772,4.134,4.772,1
20090120000902276,2009-01-20T00:09:02.284000Z,-83.806272,-78.15463,1.89,3.305,3.807,-83.80669,-78.154579,1.8934,0.0626,0.1115,0.2087,0.6929,1.1675,0.2865,0.6143,3.114,2.646,3.114,1
20090120000906388,2009-01-20T00:09:06.404000Z,-83.955004,-78.150431,1.995,16.94,19.74,-83.954487,-78.15083,1.967,0.1588,0.0725,0.0822,0.0245,0.0348,0.0371,0.0317,5.798,4.801,5.798,1
20090120000908120,2009-01-20T00:09:08.136000Z,-83.756766,-78.154207,1.515,3.339,3.867,-83.756602,-78.15445,1.4613,0.0622,0.1688,0.521,1.0957,2.0428,0.3571,0.9281,3.043,2.574,3.043,0
20090120000909896,2009-01-20T00:09:09.908000Z,-83.959415,-78.160775,1.9,3.969,4.505,-83.960427,-78.160394,1.9284,0.2433,0.1016,0.08,0.4583,0.2942,0.3962,0.3766,3.142,2.69,3.142,1
20090120000910628,2009-01-20T00:09:10.628000Z,-83.872378,-78.146628,2.365,3.85,4.462,-83.868356,-78.147787,2.335,0.0023,0.0966,0.2121,0.834,0.8522,0.3681,0.6396,3.313,2.777,3.313,0
20090120000911496,2009-01-20T00:09:11.532000Z,-84.012516,-78.168596,1.99,5.584,6.404,-84.013527,-78.167841,2.0039,0.1264,0.2162,0.0696,0.0485,0.0912,0.0488,0.06,3.672,3.122,3.672,1
20090120000920036,2009-01-20T00:09:20.072000Z,-83.809641,-78.141689,1.925,4.557,5.31,-83.812798,-78.14152,1.943,0.0674,0.2368,0.1651,0.1053,0.0861,0.0617,0.0824,3.704,3.1,3.704,1
20090120000927448,2009-01-20T00:09:27.464000Z,-83.935934,-78.18962,1.9,4.829,5.8,-83.937174,-78.18874,1.903,0.0036,0.0061,0.0119,0.4898,3.3753,0.3465,0.8305,4.014,3.257,4.014,0.5
20090120000931180,2009-01-20T00:09:31.188000Z,-84.014427,-78.139978,1.915,6.988,8.076,-84.014402,-78.140642,1.9409,0.1705,0.093,0.0683,0.0468,0.0681,0.0441,0.052,4.589,3.869,4.589,1
20090120000938412,2009-01-20T00:09:38.432000Z,-83.727383,-78.165163,1.725,4.173,4.807,-83.72572,-78.164973,1.6886,0.0628,0.1297,0.4315,1.1759,2.0487,0.4168,1.0014,3.136,2.654,3.136,0.5
20090120000941640,2009-01-20T00:09:41.664000Z,-83.980529,-78.185267,1.85,6.541,7.422,-83.98086,-78.185224,1.8388,0.0748,0.1129,0.3369,0.0546,0.0917,0.1419,0.0892,4.647,3.987,4.647,1
20090120000944344,2009-01-20T00:09:44.364000Z,-83.985747,-78.150557,1.85,4.693,5.359,-83.985962,-78.150663,1.844,0.0694,0.1138,0.171,0.3168,1.0439,0.2701,0.447,3.41,2.895,3.41,1
20090120000944776,2009-01-20T00:09:44.804000Z,-83.928047,-78.18456,1.81,7.162,8.214,-83.927424,-78.184443,1.8445,0.3959,0.0937,0.0833,0.0713,0.1379,0.2864,0.1413,5.107,4.327,5.107,0.5
20090120000949292,2009-01-20T00:09:49.332000Z,-84.039208,-78.154209,2.01,3.178,3.604,-84.040902,-78.154161,2.0113,0.1878,0.124,0.0712,1.0579,0.1939,0.0651,0.2372,3.025,2.59,3.025,1
20090120000952976,2009-01-20T00:09:52.952000Z,-83.877367,-78.159392,1.675,4.274,4.893,-83.878332,-78.159576,1.7055,0.1032,0.1611,0.5337,0.2499,0.491,0.3535,0.3514,3.15,2.683,3.15,1
20090120000955560,2009-01-20T00:09:55.588000Z,-83.803571,-78.165109,1.805,6.375,7.515,-83.8039,-78.165314,1.7722,0.008,0.029,0.0224,0.0922,0.1248,0.1409,0.1175,4.027,3.332,4.027,1
20090120001001404,2009-01-20T00:10:01.388000Z,-84.016822,-78.139843,1.985,11.16,13.25,-84.017136,-78.139848,1.9713,0.0686,0.0944,0.1748,0.0415,0.0609,0.0482,0.0496,5.257,4.3,5.257,1
20090120001004532,2009-01-20T00:10:04.544000Z,-84.02559,-78.165948,2.03,6.755,7.585,-84.027141,-78.165555,2.02,0.063,0.1444,0.1642,0.0562,0.0711,0.0419,0.0551,3.293,2.834,3.293,1
20090120001009608,2009-01-20T00:10:09.620000Z,-83.974843,-78.150202,1.95,6.221,7.157,-83.975145,-78.150044,1.9375,0.0777,0.1128,0.1819,0.0571,0.0674,0.0375,0.0525,3.287,2.774,3.287,1
20090120001013824,2009-01-20T00:10:13.856000Z,-83.817772,-78.163456,1.75,4.735,5.44,-83.81797,-78.163432,1.7494,0.0698,0.1265,0.3032,0.0817,0.1064,0.1498,0.1092,3.739,3.174,3.739,1
20090120001023384,2009-01-20T00:10:23.364000Z,-84.005855,-78.156104,1.305,3.206,3.741,-84.007211,-78.155963,1.2822,0.066,0.214,0.1044,2.2974,1.0925,0.4502,1.0416,3.125,2.611,3.125,0